{"cameraMode":{"drawMode":0,"name":"Shaded","section":"Shading Mode"},"sceneLighting":true,"audioPlay":false,"sceneViewState":{"showFog":true,"showMaterialUpdate":false,"showSkybox":true,"showFlares":true,"showImageEffects":true,"showParticleSystems":true},"in2DMode":false,"pivot":{"x":3.9766340255737306,"y":-1.8411495685577393,"z":-6.295367240905762},"rotation":{"x":-0.20582668483257295,"y":0.5667814612388611,"z":-0.1488351970911026,"w":-0.783761739730835},"size":12.09440803527832,"orthographic":false}